{
    "fsm": "idle",
    "nav_collision": true,
    "pose": {
        "orientation": {
            "w": 0.39,
            "x": -0.0,
            "y": 0.0,
            "z": 0.92
        },
        "position": {
            "x": 3.28,
            "y": 4.36,
            "z": -0.0
        },
        "pyr": {
            "pitch": 0.005961235380316132,
            "roll": -0.03662637482291369,
            "yaw": 134.24269100983062
        }
    },
    "speed": {
        "angular": -0.006046702498634406,
        "linear": -0.0003149071475000679
    }
}
