{
    "pose": {
        "orientation": {
            "x": 0,
            "y": 0,
            "z": -0.25881904510252074,
            "w": 0.9659258262890683
        },
        "position": {
            "x": -0.0,
            "y": 0.0,
            "z": 0.0
        },
        "pyr": {
            "pitch": 0.0,
            "roll": 0.0,
            "yaw": -0.02989357230835544
        }
    }
}
