{
  "position": {
    "x": -1.9985354065623304,
    "y": -0.4999611716356091,
    "z": 1.0626759643535266e-05
  },
  "orientation": {
    "x": 0,
    "y": 0,
    "z": 0.7071068,
    "w": 0.7071068
  }
}
